{
  "answers": {
    "phase": "architecture",
    "action": "architectural decision",
    "scope": "uml component",
    "action experience": 4,
    "target": "microservices",
    "aimodel": "chatgpt 4o",
    "tool option": "online free",
    "experience with tool": 4,
    "time allocated (h)": "1",
    "time saved estimate (h)": "6",
    "quality of ai help": 5,
    "knowledge acquired": 5,
    "generic feeling - now": 4,
    "generic feeling - future": 5,
    "threat level": 0,
    "notes": ""
  }
}