{
  "answers": {
    "phase": "architecture",
    "action": "architectural decision",
    "scope": "uml deployment",
    "action experience": 3,
    "target": "microservices",
    "aimodel": "chatgpt 4o",
    "tool option": "online free",
    "experience with tool": 3,
    "time allocated (h)": "0.1",
    "time saved estimate (h)": "3",
    "quality of ai help": 4,
    "knowledge acquired": 5,
    "generic feeling - now": 4,
    "generic feeling - future": 0,
    "threat level": 0,
    "notes": ""
  }
}